{
  "train": [
    5.220011660837726, 4.873412665091664, 4.764034481602424, 4.696751976644756,
    4.648840014326044, 4.611195910784643, 4.579644555287645, 4.55117026871707,
    4.524839046350014, 4.4997016278323745, 4.4750284519477335, 4.45047862761736,
    4.425270529833, 4.39925195499154, 4.37210875509712, 4.3432921587175946,
    4.312675583562982, 4.279650490197732, 4.243954012725527, 4.2045830310878864
  ],
  "val": [
    4.961027829070069, 4.828739921796267, 4.761094827085869, 4.719537201537389,
    4.688415425008834, 4.668806248059556, 4.649164744163757, 4.632337330683181,
    4.620038683555986, 4.605742008174391, 4.5884556835644865, 4.576568107082419,
    4.562146735517946, 4.550898763142764, 4.533762119676425, 4.521458214276458,
    4.507687686240836, 4.495111225946853, 4.483552070513164, 4.478119804434581
  ]
}
