{
  "train": [
    6.904753209159398,
    6.830711342715576,
    6.756637886191219,
    6.6408718537437785,
    6.476045318355624
  ],
  "val": [
    6.833186038272091,
    6.79751777617389,
    6.710736942669702,
    6.578460325955083,
    6.395487530206246
  ]
}